title,price,rating,image_url,stock availability
A Light in the Attic,51.77,Three,http://books.toscrape.com/media/cache/2c/da/2cdad67c44b002e7ead0cc35693c0e8b.jpg,In stock
Tipping the Velvet,53.74,One,http://books.toscrape.com/media/cache/26/0c/260c6ae16bce31c8f8c95daddd9f4a1c.jpg,In stock
Soumission,50.10,One,http://books.toscrape.com/media/cache/3e/ef/3eef99c9d9adef34639f510662022830.jpg,In stock
Sharp Objects,47.82,Four,http://books.toscrape.com/media/cache/32/51/3251cf3a3412f53f339e42cac2134093.jpg,In stock
Sapiens: A Brief History of Humankind,54.23,Five,http://books.toscrape.com/media/cache/be/a5/bea5697f2534a2f86a3ef27b5a8c12a6.jpg,In stock
The Requiem Red,22.65,One,http://books.toscrape.com/media/cache/68/33/68339b4c9bc034267e1da611ab3b34f8.jpg,In stock
The Dirty Little Secrets of Getting Your Dream Job,33.34,Four,http://books.toscrape.com/media/cache/92/27/92274a95b7c251fea59a2b8a78275ab4.jpg,In stock
"The Coming Woman: A Novel Based on the Life of the Infamous Feminist, Victoria Woodhull",17.93,Three,http://books.toscrape.com/media/cache/3d/54/3d54940e57e662c4dd1f3ff00c78cc64.jpg,In stock
The Boys in the Boat: Nine Americans and Their Epic Quest for Gold at the 1936 Berlin Olympics,22.60,Four,http://books.toscrape.com/media/cache/66/88/66883b91f6804b2323c8369331cb7dd1.jpg,In stock
The Black Maria,52.15,One,http://books.toscrape.com/media/cache/58/46/5846057e28022268153beff6d352b06c.jpg,In stock
"Starving Hearts (Triangular Trade Trilogy, #1)",13.99,Two,http://books.toscrape.com/media/cache/be/f4/bef44da28c98f905a3ebec0b87be8530.jpg,In stock
Shakespeare's Sonnets,20.66,Four,http://books.toscrape.com/media/cache/10/48/1048f63d3b5061cd2f424d20b3f9b666.jpg,In stock
Set Me Free,17.46,Five,http://books.toscrape.com/media/cache/5b/88/5b88c52633f53cacf162c15f4f823153.jpg,In stock
Scott Pilgrim's Precious Little Life (Scott Pilgrim #1),52.29,Five,http://books.toscrape.com/media/cache/94/b1/94b1b8b244bce9677c2f29ccc890d4d2.jpg,In stock
Rip it Up and Start Again,35.02,Five,http://books.toscrape.com/media/cache/81/c4/81c4a973364e17d01f217e1188253d5e.jpg,In stock
"Our Band Could Be Your Life: Scenes from the American Indie Underground, 1981-1991",57.25,Three,http://books.toscrape.com/media/cache/54/60/54607fe8945897cdcced0044103b10b6.jpg,In stock
Olio,23.88,One,http://books.toscrape.com/media/cache/55/33/553310a7162dfbc2c6d19a84da0df9e1.jpg,In stock
Mesaerion: The Best Science Fiction Stories 1800-1849,37.59,One,http://books.toscrape.com/media/cache/09/a3/09a3aef48557576e1a85ba7efea8ecb7.jpg,In stock
Libertarianism for Beginners,51.33,Two,http://books.toscrape.com/media/cache/0b/bc/0bbcd0a6f4bcd81ccb1049a52736406e.jpg,In stock
It's Only the Himalayas,45.17,Two,http://books.toscrape.com/media/cache/27/a5/27a53d0bb95bdd88288eaf66c9230d7e.jpg,In stock
In Her Wake,12.84,One,http://books.toscrape.com/media/cache/5d/72/5d72709c6a7a9584a4d1cf07648bfce1.jpg,In stock
How Music Works,37.32,Two,http://books.toscrape.com/media/cache/5c/c8/5cc8e107246cb478960d4f0aba1e1c8e.jpg,In stock
"Foolproof Preserving: A Guide to Small Batch Jams, Jellies, Pickles, Condiments, and More: A Foolproof Guide to Making Small Batch Jams, Jellies, Pickles, Condiments, and More",30.52,Three,http://books.toscrape.com/media/cache/9f/59/9f59f01fa916a7bb8f0b28a4012179a4.jpg,In stock
Chase Me (Paris Nights #2),25.27,Five,http://books.toscrape.com/media/cache/9c/2e/9c2e0eb8866b8e3f3b768994fd3d1c1a.jpg,In stock
Black Dust,34.53,Five,http://books.toscrape.com/media/cache/44/cc/44ccc99c8f82c33d4f9d2afa4ef25787.jpg,In stock
Birdsong: A Story in Pictures,54.64,Three,http://books.toscrape.com/media/cache/af/6e/af6e796160fe63e0cf19d44395c7ddf2.jpg,In stock
America's Cradle of Quarterbacks: Western Pennsylvania's Football Factory from Johnny Unitas to Joe Montana,22.50,Three,http://books.toscrape.com/media/cache/ef/0b/ef0bed08de4e083dba5e20fdb98d9c36.jpg,In stock
Aladdin and His Wonderful Lamp,53.13,Three,http://books.toscrape.com/media/cache/d6/da/d6da0371958068bbaf39ea9c174275cd.jpg,In stock
Worlds Elsewhere: Journeys Around Shakespeare’s Globe,40.30,Five,http://books.toscrape.com/media/cache/2e/98/2e98c332bf8563b584784971541c4445.jpg,In stock
Wall and Piece,44.18,Four,http://books.toscrape.com/media/cache/a5/41/a5416b9646aaa7287baa287ec2590270.jpg,In stock
The Four Agreements: A Practical Guide to Personal Freedom,17.66,Five,http://books.toscrape.com/media/cache/0f/7e/0f7ee69495c0df1d35723f012624a9f8.jpg,In stock
The Five Love Languages: How to Express Heartfelt Commitment to Your Mate,31.05,Three,http://books.toscrape.com/media/cache/38/c5/38c56fba316c07305643a8065269594e.jpg,In stock
The Elephant Tree,23.82,Five,http://books.toscrape.com/media/cache/5d/7e/5d7ecde8e81513eba8a64c9fe000744b.jpg,In stock
The Bear and the Piano,36.89,One,http://books.toscrape.com/media/cache/cf/bb/cfbb5e62715c6d888fd07794c9bab5d6.jpg,In stock
Sophie's World,15.94,Five,http://books.toscrape.com/media/cache/65/71/6571919836ec51ed54f0050c31d8a0cd.jpg,In stock
Penny Maybe,33.29,Three,http://books.toscrape.com/media/cache/12/53/1253c21c5ef3c6d075c5fa3f5fecee6a.jpg,In stock
Maude (1883-1993):She Grew Up with the country,18.02,Two,http://books.toscrape.com/media/cache/f5/88/f5889d038f5d8e949b494d147c2dcf54.jpg,In stock
"In a Dark, Dark Wood",19.63,One,http://books.toscrape.com/media/cache/23/85/238570a1c284e730dbc737a7e631ae2b.jpg,In stock
Behind Closed Doors,52.22,Four,http://books.toscrape.com/media/cache/e1/5c/e15c289ba58cea38519e1281e859f0c1.jpg,In stock
You can't bury them all: Poems,33.63,Two,http://books.toscrape.com/media/cache/e9/20/e9203b733126c4a0832a1c7885dc27cf.jpg,In stock
Slow States of Collapse: Poems,57.31,Three,http://books.toscrape.com/media/cache/72/41/72417db983862010ef0c1a25de98c7d7.jpg,In stock
Reasons to Stay Alive,26.41,Two,http://books.toscrape.com/media/cache/cb/bd/cbbdb0222ee8a0f6ab61657412a15794.jpg,In stock
Private Paris (Private #10),47.61,Five,http://books.toscrape.com/media/cache/9d/05/9d0533bae1578846d728a82913b95c26.jpg,In stock
#HigherSelfie: Wake Up Your Life. Free Your Soul. Find Your Tribe.,23.11,Five,http://books.toscrape.com/media/cache/9c/46/9c463c7631c82401160fd3b554b8f0e1.jpg,In stock
Without Borders (Wanderlove #1),45.07,Two,http://books.toscrape.com/media/cache/24/e2/24e2f5c9d325c4004d8190c054da86dd.jpg,In stock
When We Collided,31.77,One,http://books.toscrape.com/media/cache/08/04/08044269fc197645268a6197c57e6173.jpg,In stock
"We Love You, Charlie Freeman",50.27,Five,http://books.toscrape.com/media/cache/5f/15/5f152afdbc42356ecba02f61058a7e5b.jpg,In stock
Untitled Collection: Sabbath Poems 2014,14.27,Four,http://books.toscrape.com/media/cache/f9/3b/f93b4a650f03a5d21f2436d7813f42c2.jpg,In stock
"Unseen City: The Majesty of Pigeons, the Discreet Charm of Snails & Other Wonders of the Urban Wilderness",44.18,Four,http://books.toscrape.com/media/cache/41/a2/41a20f35adf0caea24f208dc01ad7681.jpg,In stock
Unicorn Tracks,18.78,Three,http://books.toscrape.com/media/cache/76/8e/768ea5924ac1ef6297c2be9959c796c2.jpg,In stock
"Unbound: How Eight Technologies Made Us Human, Transformed Society, and Brought Our World to the Brink",25.52,One,http://books.toscrape.com/media/cache/4a/3b/4a3b055f9e378a95fedbef55e7bab7ce.jpg,In stock
Tsubasa: WoRLD CHRoNiCLE 2 (Tsubasa WoRLD CHRoNiCLE #2),16.28,One,http://books.toscrape.com/media/cache/36/df/36df4caaf1420b1183a8235355d39e69.jpg,In stock
Throwing Rocks at the Google Bus: How Growth Became the Enemy of Prosperity,31.12,Three,http://books.toscrape.com/media/cache/03/86/038650c9e7517b4baf2a423cd8eed38f.jpg,In stock
This One Summer,19.49,Four,http://books.toscrape.com/media/cache/c4/dd/c4ddd9ced89966b0602ec85e00cd5b61.jpg,In stock
Thirst,17.27,Five,http://books.toscrape.com/media/cache/c4/0a/c40a64f59e7487b1a80a049f6ceb2ba5.jpg,In stock
The Torch Is Passed: A Harding Family Story,19.09,One,http://books.toscrape.com/media/cache/33/e5/33e507172541628acfd421503196b578.jpg,In stock
The Secret of Dreadwillow Carse,56.13,One,http://books.toscrape.com/media/cache/c4/a2/c4a2a1a026c67bcceb5a411c724d7d0c.jpg,In stock
"The Pioneer Woman Cooks: Dinnertime: Comfort Classics, Freezer Food, 16-Minute Meals, and Other Delicious Ways to Solve Supper!",56.41,One,http://books.toscrape.com/media/cache/b7/f4/b7f4843dbe062d44be1ffcfa16b2faa4.jpg,In stock
The Past Never Ends,56.50,Four,http://books.toscrape.com/media/cache/89/b8/89b850edb01851a91f64ba114b96acb6.jpg,In stock
The Natural History of Us (The Fine Art of Pretending #2),45.22,Three,http://books.toscrape.com/media/cache/5d/7f/5d7f496cdf5e5962a73ecdcc1505c1d5.jpg,In stock
The Nameless City (The Nameless City #1),38.16,Four,http://books.toscrape.com/media/cache/f4/79/f479de5f305c2ac0512702cf7155bb74.jpg,In stock
The Murder That Never Was (Forensic Instincts #5),54.11,Three,http://books.toscrape.com/media/cache/dc/44/dc44f8e2aebac48ca8553814d9b021a8.jpg,In stock
The Most Perfect Thing: Inside (and Outside) a Bird's Egg,42.96,Four,http://books.toscrape.com/media/cache/d4/8d/d48d5122a15347e9fe2b15ad354d69bf.jpg,In stock
"The Mindfulness and Acceptance Workbook for Anxiety: A Guide to Breaking Free from Anxiety, Phobias, and Worry Using Acceptance and Commitment Therapy",23.89,Four,http://books.toscrape.com/media/cache/f8/6d/f86d08178e3788563ac17be5aefd29f0.jpg,In stock
The Life-Changing Magic of Tidying Up: The Japanese Art of Decluttering and Organizing,16.77,Three,http://books.toscrape.com/media/cache/95/64/95647d6a526bf54120b9445e124794e1.jpg,In stock
"The Inefficiency Assassin: Time Management Tactics for Working Smarter, Not Longer",20.59,Five,http://books.toscrape.com/media/cache/75/dc/75dce2f5949b407161f37f0af249b018.jpg,In stock
The Gutsy Girl: Escapades for Your Life of Epic Adventure,37.13,One,http://books.toscrape.com/media/cache/64/15/641570cd7e7aded53c7d33d78a9629f1.jpg,In stock
The Electric Pencil: Drawings from Inside State Hospital No. 3,56.06,One,http://books.toscrape.com/media/cache/2e/23/2e236e23ad52aa74505f224f6552eda8.jpg,In stock
The Death of Humanity: and the Case for Life,58.11,Four,http://books.toscrape.com/media/cache/71/df/71df730cf38c232ee58a2e407135f055.jpg,In stock
"The Bulletproof Diet: Lose up to a Pound a Day, Reclaim Energy and Focus, Upgrade Your Life",49.05,Three,http://books.toscrape.com/media/cache/ee/3e/ee3e219d23e73ba71c79b700f183aaed.jpg,In stock
The Art Forger,40.76,Three,http://books.toscrape.com/media/cache/70/fa/70fa6c0437d9c97dbeada6bd32bf9d2c.jpg,In stock
The Age of Genius: The Seventeenth Century and the Birth of the Modern Mind,19.73,One,http://books.toscrape.com/media/cache/2d/4e/2d4e358712e6c9f1d3bdd78d1a16e5a8.jpg,In stock
The Activist's Tao Te Ching: Ancient Advice for a Modern Revolution,32.24,Five,http://books.toscrape.com/media/cache/96/db/96db61bb53930c560fb4c1c62b583816.jpg,In stock
Spark Joy: An Illustrated Master Class on the Art of Organizing and Tidying Up,41.83,Four,http://books.toscrape.com/media/cache/f3/4f/f34ffb24cc21c9f9f52dad4fd8f3ac21.jpg,In stock
Soul Reader,39.58,Two,http://books.toscrape.com/media/cache/69/85/69852567cf97264a1442cbc882c84903.jpg,In stock
Security,39.25,Two,http://books.toscrape.com/media/cache/da/df/dadfac66a89774b46b10225362724c83.jpg,In stock
"Saga, Volume 6 (Saga (Collected Editions) #6)",25.02,Three,http://books.toscrape.com/media/cache/43/ae/43aee83ebb31e2122a7215e413770e5c.jpg,In stock
"Saga, Volume 5 (Saga (Collected Editions) #5)",51.04,Two,http://books.toscrape.com/media/cache/e1/ea/e1ea6cb36e62ae6dc7b805f68ab9a700.jpg,In stock
Reskilling America: Learning to Labor in the Twenty-First Century,19.83,Two,http://books.toscrape.com/media/cache/97/f8/97f8debeeaaece9603267653076e760f.jpg,In stock
"Rat Queens, Vol. 3: Demons (Rat Queens (Collected Editions) #11-15)",50.40,Three,http://books.toscrape.com/media/cache/f3/ef/f3efd43ae0fa85d9b325d5e8783e7af5.jpg,In stock
"Princess Jellyfish 2-in-1 Omnibus, Vol. 01 (Princess Jellyfish 2-in-1 Omnibus #1)",13.61,Five,http://books.toscrape.com/media/cache/78/0b/780b2c28122750c2c383846155815bf7.jpg,In stock
Princess Between Worlds (Wide-Awake Princess #5),13.34,Five,http://books.toscrape.com/media/cache/b7/e8/b7e84b78be3d9bb79b71156a5e5d4e42.jpg,In stock
"Pop Gun War, Volume 1: Gift",18.97,One,http://books.toscrape.com/media/cache/c8/2f/c82f629a31b3f47bdb17ac14aa51076d.jpg,In stock
"Political Suicide: Missteps, Peccadilloes, Bad Calls, Backroom Hijinx, Sordid Pasts, Rotten Breaks, and Just Plain Dumb Mistakes in the Annals of American Politics",36.28,Two,http://books.toscrape.com/media/cache/64/44/6444dacdcb9edaadbbd691524622aeb8.jpg,In stock
Patience,10.16,Three,http://books.toscrape.com/media/cache/01/72/01726c619a05114dca75bd840095016d.jpg,In stock
"Outcast, Vol. 1: A Darkness Surrounds Him (Outcast #1)",15.44,Four,http://books.toscrape.com/media/cache/cb/00/cb004189f548d75ad430d3ed19e6daa9.jpg,In stock
orange: The Complete Collection 1 (orange: The Complete Collection #1),48.41,One,http://books.toscrape.com/media/cache/03/88/03886a8502ca54dbce0d91c2568ab69d.jpg,In stock
Online Marketing for Busy Authors: A Step-By-Step Guide,46.35,One,http://books.toscrape.com/media/cache/ea/9b/ea9b2cb8abbb317402e618445bade1e1.jpg,In stock
On a Midnight Clear,14.07,Three,http://books.toscrape.com/media/cache/a1/14/a114d70e7babf110ba42a389078e9a45.jpg,In stock
Obsidian (Lux #1),14.86,Two,http://books.toscrape.com/media/cache/fc/72/fc72f158554b4b4164701e1dfa1153c7.jpg,In stock
My Paris Kitchen: Recipes and Stories,33.37,Two,http://books.toscrape.com/media/cache/f5/65/f565af3d9dd20a1ad72a1e7c4157387d.jpg,In stock
Masks and Shadows,56.40,Two,http://books.toscrape.com/media/cache/ff/e8/ffe81bf98f8386ef29e193abfb6f9c1e.jpg,In stock
"Mama Tried: Traditional Italian Cooking for the Screwed, Crude, Vegan, and Tattooed",14.02,Four,http://books.toscrape.com/media/cache/10/c6/10c61093002db1fec4089d8076678624.jpg,In stock
"Lumberjanes, Vol. 2: Friendship to the Max (Lumberjanes #5-8)",46.91,Two,http://books.toscrape.com/media/cache/d3/15/d3158e8d3546fb90cced3c1d44a92a34.jpg,In stock
"Lumberjanes, Vol. 1: Beware the Kitten Holy (Lumberjanes #1-4)",45.61,Three,http://books.toscrape.com/media/cache/7e/a0/7ea062007ef00107e3c16d336b41fab2.jpg,In stock
Lumberjanes Vol. 3: A Terrible Plan (Lumberjanes #9-12),19.92,Two,http://books.toscrape.com/media/cache/5f/b1/5fb1bf88dcfda795606745ce35be5975.jpg,In stock
"Layered: Baking, Building, and Styling Spectacular Cakes",40.11,One,http://books.toscrape.com/media/cache/98/d1/98d1c979c4bac9e147a6718946578b0f.jpg,In stock
Judo: Seven Steps to Black Belt (an Introductory Guide for Beginners),53.90,Two,http://books.toscrape.com/media/cache/5f/52/5f52b1bc6d45daab2e330c744feb0359.jpg,In stock
Join,35.67,Five,http://books.toscrape.com/media/cache/93/63/9363f0065fbad5689f44fcf6e203eef3.jpg,In stock
In the Country We Love: My Family Divided,22.00,Four,http://books.toscrape.com/media/cache/fe/ea/feeafd2ad7b3077f8e74cbb1da9e3c7d.jpg,In stock
Immunity: How Elie Metchnikoff Changed the Course of Modern Medicine,57.36,Five,http://books.toscrape.com/media/cache/26/1c/261c4eaf957ae4aacf2229b482e76dbe.jpg,In stock
"I Hate Fairyland, Vol. 1: Madly Ever After (I Hate Fairyland (Compilations) #1-5)",29.17,Two,http://books.toscrape.com/media/cache/aa/74/aa74004807e97a79aa084b5db329a99b.jpg,In stock
I am a Hero Omnibus Volume 1,54.63,Three,http://books.toscrape.com/media/cache/16/d4/16d443437126bf6d536a89312c1995a5.jpg,In stock
How to Be Miserable: 40 Strategies You Already Use,46.03,One,http://books.toscrape.com/media/cache/da/8b/da8bc9b824dd3f446ef63e438ddbfc85.jpg,In stock
Her Backup Boyfriend (The Sorensen Family #1),33.97,One,http://books.toscrape.com/media/cache/1e/bb/1ebbbc3e2d3249b111033cfc40763b0b.jpg,In stock
"Giant Days, Vol. 2 (Giant Days #5-8)",22.11,Two,http://books.toscrape.com/media/cache/90/6f/906f0168b0e155a7077625499b1737b5.jpg,In stock
Forever and Forever: The Courtship of Henry Longfellow and Fanny Appleton,29.69,Three,http://books.toscrape.com/media/cache/d6/58/d658a1485b130ff26ca5fb0d5975ed2e.jpg,In stock
First and First (Five Boroughs #3),15.97,Four,http://books.toscrape.com/media/cache/c4/d1/c4d1517cc9370e292366b6132ca9ca36.jpg,In stock
Fifty Shades Darker (Fifty Shades #2),21.96,One,http://books.toscrape.com/media/cache/cc/bd/ccbdae9e29b3594301528fa2c876ec29.jpg,In stock
Everydata: The Misinformation Hidden in the Little Data You Consume Every Day,54.35,Two,http://books.toscrape.com/media/cache/64/94/6494bf61176ca73b61255909230030be.jpg,In stock
"Don't Be a Jerk: And Other Practical Advice from Dogen, Japan's Greatest Zen Master",37.97,Two,http://books.toscrape.com/media/cache/95/30/953013d044aa313cc162dec414f3969a.jpg,In stock
Danganronpa Volume 1,51.99,Four,http://books.toscrape.com/media/cache/78/97/7897eea91c4a85aca58d925861d4afec.jpg,In stock
Crown of Midnight (Throne of Glass #2),43.29,Three,http://books.toscrape.com/media/cache/66/25/6625e3bbb050de3e42a0c302c0d69f1f.jpg,In stock
"Codename Baboushka, Volume 1: The Conclave of Death",36.72,Four,http://books.toscrape.com/media/cache/f6/88/f688a9d6a89fdf38e4e88439ee9eda69.jpg,In stock
Camp Midnight,17.08,Four,http://books.toscrape.com/media/cache/dd/c9/ddc95df6754df8e71bf969c088056188.jpg,In stock
Call the Nurse: True Stories of a Country Nurse on a Scottish Isle,29.14,Five,http://books.toscrape.com/media/cache/88/9e/889e0bac4c7c0e7178f0165b8d3b4617.jpg,In stock
Burning,28.81,Three,http://books.toscrape.com/media/cache/26/95/269507c7bb35d2cec9b61a03d1c28e67.jpg,In stock
Bossypants,49.46,Two,http://books.toscrape.com/media/cache/27/d2/27d20361745ec2f7be668b18a4da29da.jpg,In stock
"Bitch Planet, Vol. 1: Extraordinary Machine (Bitch Planet (Collected Editions))",37.92,Two,http://books.toscrape.com/media/cache/e4/1d/e41d34204a1fffbf825d8beb3dbf4cbc.jpg,In stock
"Avatar: The Last Airbender: Smoke and Shadow, Part 3 (Smoke and Shadow #3)",28.09,Two,http://books.toscrape.com/media/cache/06/18/061811c5845d0e13bc04b2a755f0830f.jpg,In stock
Algorithms to Live By: The Computer Science of Human Decisions,30.81,One,http://books.toscrape.com/media/cache/23/b4/23b42e094c02d52b14b11a960d49610e.jpg,In stock
A World of Flavor: Your Gluten Free Passport,42.95,One,http://books.toscrape.com/media/cache/78/2e/782e315667ec50759b8603527ee33dec.jpg,In stock
"A Piece of Sky, a Grain of Rice: A Memoir in Four Meditations",56.76,Five,http://books.toscrape.com/media/cache/08/89/088995e862aac86c88c608d763f6390e.jpg,In stock
A Murder in Time,16.64,One,http://books.toscrape.com/media/cache/11/aa/11aaad48b5f15e262456ca65294084da.jpg,In stock
A Flight of Arrows (The Pathfinders #2),55.53,Five,http://books.toscrape.com/media/cache/82/96/8296f92b70fb1dafefecda92c1d51941.jpg,In stock
A Fierce and Subtle Poison,28.13,Four,http://books.toscrape.com/media/cache/12/f1/12f1963957f27fa83d51f76b183ef490.jpg,In stock
A Court of Thorns and Roses (A Court of Thorns and Roses #1),52.37,One,http://books.toscrape.com/media/cache/c0/88/c08816960890396213a423941af65b8f.jpg,In stock
(Un)Qualified: How God Uses Broken People to Do Big Things,54.00,Five,http://books.toscrape.com/media/cache/cd/db/cddb3eb483ef11a088d519205b7098fb.jpg,In stock
You Are What You Love: The Spiritual Power of Habit,21.87,Four,http://books.toscrape.com/media/cache/6b/70/6b70f2cdb17d9ab7551240a88b9211fe.jpg,In stock
"William Shakespeare's Star Wars: Verily, A New Hope (William Shakespeare's Star Wars #4)",43.30,Four,http://books.toscrape.com/media/cache/02/37/0237b445efc18c5562355a5a2c40889c.jpg,In stock
Tuesday Nights in 1980,21.04,Two,http://books.toscrape.com/media/cache/6b/da/6bdae061cb92c32b0b83cda8dd10275d.jpg,In stock
Tracing Numbers on a Train,41.60,Three,http://books.toscrape.com/media/cache/06/a6/06a6cfcf89afd1601cbba1a16cda57fb.jpg,In stock
Throne of Glass (Throne of Glass #1),35.07,Three,http://books.toscrape.com/media/cache/32/d6/32d6aa560e8ddf2a4da1526b95d4c7ab.jpg,In stock
Thomas Jefferson and the Tripoli Pirates: The Forgotten War That Changed American History,59.64,One,http://books.toscrape.com/media/cache/97/47/974709d437b08e74649b5744471bf472.jpg,In stock
Thirteen Reasons Why,52.72,One,http://books.toscrape.com/media/cache/8a/83/8a83b6ce350f01bab21f85e6ba539316.jpg,In stock
The White Cat and the Monk: A Retelling of the Poem “Pangur Bán”,58.08,Four,http://books.toscrape.com/media/cache/26/32/2632a1e12f2c085fabbe022ae4cd6933.jpg,In stock
The Wedding Dress,24.12,One,http://books.toscrape.com/media/cache/28/99/28992d89f4abf54fba183fc8d074adf3.jpg,In stock
The Vacationers,42.15,Four,http://books.toscrape.com/media/cache/37/25/372578cc073efae80cf284b56040a488.jpg,In stock
The Third Wave: An Entrepreneur’s Vision of the Future,12.61,Five,http://books.toscrape.com/media/cache/d0/77/d077a30042df6b916bfc8d257345c69e.jpg,In stock
The Stranger,17.44,Four,http://books.toscrape.com/media/cache/ea/04/ea0476a6f4c318ceccf5e2f2b39f2b15.jpg,In stock
The Shadow Hero (The Shadow Hero),33.14,One,http://books.toscrape.com/media/cache/1f/62/1f621dda1b302fc16d83d94b0b5ac31c.jpg,In stock
The Secret (The Secret #1),27.37,Four,http://books.toscrape.com/media/cache/4e/0f/4e0f05ae01d8fb6bd0d3901edd06de16.jpg,In stock
The Regional Office Is Under Attack!,51.36,Five,http://books.toscrape.com/media/cache/f8/31/f8314c7fdaa79fb7191a583e9a852db8.jpg,In stock
The Psychopath Test: A Journey Through the Madness Industry,36.00,Two,http://books.toscrape.com/media/cache/34/f5/34f5f8e513c5f048241f5695e61b2483.jpg,In stock
The Project,10.65,One,http://books.toscrape.com/media/cache/10/6e/106e2fc7160712edf8e2ff996dc8cd6c.jpg,In stock
The Power of Now: A Guide to Spiritual Enlightenment,43.54,Two,http://books.toscrape.com/media/cache/03/38/0338682e76bad3216cd4c6c28b2b625a.jpg,In stock
The Omnivore's Dilemma: A Natural History of Four Meals,38.21,Two,http://books.toscrape.com/media/cache/14/f3/14f3d525e2a114cd71e27201a16af188.jpg,In stock
The Nerdy Nummies Cookbook: Sweet Treats for the Geek in All of Us,37.34,Five,http://books.toscrape.com/media/cache/61/bd/61bdfe3950643c47d70c37c4123530f3.jpg,In stock
The Murder of Roger Ackroyd (Hercule Poirot #4),44.10,Four,http://books.toscrape.com/media/cache/29/fe/29fe70b1b2e5a9ba61d4bd331255e19e.jpg,In stock
The Mistake (Off-Campus #2),43.29,Three,http://books.toscrape.com/media/cache/a5/43/a543b100a8c1861c1bf5374ca6b576fe.jpg,In stock
The Matchmaker's Playbook (Wingmen Inc. #1),55.85,One,http://books.toscrape.com/media/cache/84/ac/84acb0606c96e55dc729a9d6572a08fb.jpg,In stock
The Love and Lemons Cookbook: An Apple-to-Zucchini Celebration of Impromptu Cooking,37.60,Two,http://books.toscrape.com/media/cache/0d/1f/0d1f3f934460f5a50aaa8c366641234c.jpg,In stock
The Long Shadow of Small Ghosts: Murder and Memory in an American City,10.97,One,http://books.toscrape.com/media/cache/f2/e5/f2e51dd2b26600459f8eaeb6b9eecaa7.jpg,In stock
The Kite Runner,41.82,Four,http://books.toscrape.com/media/cache/58/9d/589d73503d9a23d224de836134fae553.jpg,In stock
The House by the Lake,36.95,One,http://books.toscrape.com/media/cache/0d/cb/0dcb33d60b0e79adf8ab9842e697ea2e.jpg,In stock
The Glittering Court (The Glittering Court #1),44.28,One,http://books.toscrape.com/media/cache/3e/0b/3e0b16851bec08b6cbf78d5f64af9114.jpg,In stock
The Girl on the Train,55.02,Two,http://books.toscrape.com/media/cache/25/6c/256c946dd0962095f66c6de3b15ab300.jpg,In stock
The Genius of Birds,17.24,One,http://books.toscrape.com/media/cache/13/57/1357c6aa40c9e63d2f931927fbf81f3f.jpg,In stock
The Emerald Mystery,23.15,Two,http://books.toscrape.com/media/cache/81/58/81586cd0bf8743e1f5ed80b6a0e1fabe.jpg,In stock
The Cookies & Cups Cookbook: 125+ sweet & savory recipes reminding you to Always Eat Dessert First,41.25,One,http://books.toscrape.com/media/cache/54/89/54899b4584e941ceced511d81092c88a.jpg,In stock
The Bridge to Consciousness: I'm Writing the Bridge Between Science and Our Old and New Beliefs.,32.00,Three,http://books.toscrape.com/media/cache/fe/b7/feb764b2afa54991cfdbbffdf501b333.jpg,In stock
The Artist's Way: A Spiritual Path to Higher Creativity,38.49,Five,http://books.toscrape.com/media/cache/0e/6d/0e6dc2484322c5b9e7854ced66fdf62d.jpg,In stock
The Art of War,33.34,Five,http://books.toscrape.com/media/cache/6d/71/6d71e36c8b1b9c885e1bb6c72cd8bcf8.jpg,In stock
The Argonauts,10.93,Two,http://books.toscrape.com/media/cache/0a/15/0a1567cd04a6582d333db71337b4e2a6.jpg,In stock
The 10% Entrepreneur: Live Your Startup Dream Without Quitting Your Day Job,27.55,Three,http://books.toscrape.com/media/cache/82/93/82939ca78da0b724f16ec814849514fd.jpg,In stock
Suddenly in Love (Lake Haven #1),55.99,Two,http://books.toscrape.com/media/cache/e9/f4/e9f4bc8cf5ffaea1504623c936e90a48.jpg,In stock
Something More Than This,16.24,Four,http://books.toscrape.com/media/cache/59/10/5910fbd8a95e8e9de9c660b71e0694e2.jpg,In stock
Soft Apocalypse,26.12,Two,http://books.toscrape.com/media/cache/f0/06/f0060c756556b855184fa32f66280961.jpg,In stock
So You've Been Publicly Shamed,12.23,Two,http://books.toscrape.com/media/cache/6e/d4/6ed4991d97f60db29ec7b421e61a2cf3.jpg,In stock
Shoe Dog: A Memoir by the Creator of NIKE,23.99,Two,http://books.toscrape.com/media/cache/19/aa/19aa1184a3565b1dae6092146018e109.jpg,In stock
"Shobu Samurai, Project Aryoku (#3)",29.06,Three,http://books.toscrape.com/media/cache/ae/0c/ae0ccc307568b6d7699786411f3cbcc4.jpg,In stock
Secrets and Lace (Fatal Hearts #1),20.27,One,http://books.toscrape.com/media/cache/84/7c/847c06b541e2a3b2228b96d97a5fe7a6.jpg,In stock
Scarlett Epstein Hates It Here,43.55,Five,http://books.toscrape.com/media/cache/0f/d3/0fd306891f8fd3196653022fd67d6c87.jpg,In stock
Romero and Juliet: A Tragic Tale of Love and Zombies,36.94,One,http://books.toscrape.com/media/cache/12/f8/12f8002e5aab6d783e29b31aad36b5ba.jpg,In stock
Redeeming Love,20.47,Five,http://books.toscrape.com/media/cache/21/21/2121ba78e26194d92c334fde3850f840.jpg,In stock
Poses for Artists Volume 1 - Dynamic and Sitting Poses: An Essential Reference for Figure Drawing and the Human Form,41.06,One,http://books.toscrape.com/media/cache/5a/89/5a89e2dd7866dda6660fe508bc4b5249.jpg,In stock
Poems That Make Grown Women Cry,14.19,Four,http://books.toscrape.com/media/cache/38/64/386468a8c3e6b880664bf7885bf6f726.jpg,In stock
"Nightingale, Sing",38.28,One,http://books.toscrape.com/media/cache/18/08/18086e581ad354aa65f945c2b5c51350.jpg,In stock
Night Sky with Exit Wounds,41.05,One,http://books.toscrape.com/media/cache/25/54/2554431c797ec725eea50b3f8a83758c.jpg,In stock
Mrs. Houdini,30.25,Five,http://books.toscrape.com/media/cache/0e/fe/0efe86960cdff718aed01a5c3f65b1c3.jpg,In stock
Modern Romance,28.26,Five,http://books.toscrape.com/media/cache/28/78/2878538a1039d9c4649110499a1393fb.jpg,In stock
Miss Peregrine’s Home for Peculiar Children (Miss Peregrine’s Peculiar Children #1),10.76,One,http://books.toscrape.com/media/cache/01/26/01264865c12ed6d987d6f0858cd1d0ba.jpg,In stock
Louisa: The Extraordinary Life of Mrs. Adams,16.85,Two,http://books.toscrape.com/media/cache/6f/d9/6fd92e5143cbd5bb8bcf034e5f007dde.jpg,In stock
Little Red,13.47,Three,http://books.toscrape.com/media/cache/80/25/8025b80a40178f2a6dd4f99ad88e0fba.jpg,In stock
Library of Souls (Miss Peregrine’s Peculiar Children #3),48.56,Five,http://books.toscrape.com/media/cache/f8/54/f85417465a73e33604624205ba8306cc.jpg,In stock
Large Print Heart of the Pride,19.15,Two,http://books.toscrape.com/media/cache/bd/e9/bde95ab9f776c911a7aa759cad60bb41.jpg,In stock
I Had a Nice Time And Other Lies...: How to find love & sh*t like that,57.36,Four,http://books.toscrape.com/media/cache/5f/72/5f72c8a0d5a7292e2929a354ec8a022f.jpg,In stock
Hollow City (Miss Peregrine’s Peculiar Children #2),42.98,One,http://books.toscrape.com/media/cache/e2/60/e260b008b7ea7970562295b7bc64b0cb.jpg,In stock
Grumbles,22.16,Two,http://books.toscrape.com/media/cache/d6/1b/d61b12ef0e69d49e2645537dd6a8472a.jpg,In stock
Full Moon over Noah’s Ark: An Odyssey to Mount Ararat and Beyond,49.43,Four,http://books.toscrape.com/media/cache/57/77/57770cac1628f4407636635f4b85e88c.jpg,In stock
Frostbite (Vampire Academy #2),29.99,Five,http://books.toscrape.com/media/cache/71/76/7176317f1915fa0658bb2fe400441207.jpg,In stock
Follow You Home,21.36,One,http://books.toscrape.com/media/cache/a7/4b/a74b35375ce874153fd352e33bc7bac9.jpg,In stock
First Steps for New Christians (Print Edition),29.00,One,http://books.toscrape.com/media/cache/f1/73/f1731459b1e2f4becf2c52b8f30b8cd7.jpg,In stock
Finders Keepers (Bill Hodges Trilogy #2),53.53,Five,http://books.toscrape.com/media/cache/6a/81/6a81103b1c01a3f6c56e5718a838a4c8.jpg,In stock
"Fables, Vol. 1: Legends in Exile (Fables #1)",41.62,Four,http://books.toscrape.com/media/cache/51/8c/518c184a793b751b43045637c8002eb7.jpg,In stock
Eureka Trivia 6.0,54.59,Four,http://books.toscrape.com/media/cache/96/17/96173470df6fc6fef4d0008e957653ce.jpg,In stock
Drive: The Surprising Truth About What Motivates Us,34.95,Four,http://books.toscrape.com/media/cache/8a/49/8a490347afdc10abe7c2099e466de32f.jpg,In stock
Done Rubbed Out (Reightman & Bailey #1),37.72,Five,http://books.toscrape.com/media/cache/08/4d/084da0199a717cb6c1eda30f98d0ea4c.jpg,In stock
Doing It Over (Most Likely To #1),35.61,Three,http://books.toscrape.com/media/cache/e9/25/e9250495a525eb203652ad9da85ccb8e.jpg,In stock
"Deliciously Ella Every Day: Quick and Easy Recipes for Gluten-Free Snacks, Packed Lunches, and Simple Meals",42.16,Three,http://books.toscrape.com/media/cache/20/f2/20f28657b49f8cb24ed2ec6448bb6df3.jpg,In stock
Dark Notes,19.19,Five,http://books.toscrape.com/media/cache/6e/4e/6e4e8f4f4abd94356a9be840e4681e65.jpg,In stock
"Daring Greatly: How the Courage to Be Vulnerable Transforms the Way We Live, Love, Parent, and Lead",19.43,Three,http://books.toscrape.com/media/cache/55/ce/55ced903becc59121d6edb47a4dcfb56.jpg,In stock
Close to You,49.46,Four,http://books.toscrape.com/media/cache/fa/f6/faf6d69a42f477e1da80a71f05a4dc25.jpg,In stock
Chasing Heaven: What Dying Taught Me About Living,37.80,Two,http://books.toscrape.com/media/cache/b7/6a/b76a73640d26b09c4a6f373b09050bed.jpg,In stock
Big Magic: Creative Living Beyond Fear,30.80,Three,http://books.toscrape.com/media/cache/62/ad/62ad9b4077416ddc0c4908062bca0e5e.jpg,In stock
Becoming Wise: An Inquiry into the Mystery and Art of Living,27.43,Two,http://books.toscrape.com/media/cache/ff/69/ff69c96b05affa03f647287e46210bf9.jpg,In stock
Beauty Restored (Riley Family Legacy Novellas #3),11.11,Two,http://books.toscrape.com/media/cache/51/6f/516f605a957a1f5592b81f4e06c491bb.jpg,In stock
Batman: The Long Halloween (Batman),36.50,Two,http://books.toscrape.com/media/cache/78/a7/78a7f184a4d6d62412861c68f1c3ad90.jpg,In stock
Batman: The Dark Knight Returns (Batman),15.38,Five,http://books.toscrape.com/media/cache/be/a9/bea95dbd7b2a843519c9a1dcfc433f9b.jpg,In stock
Ayumi's Violin,15.48,Two,http://books.toscrape.com/media/cache/fa/18/fa18c44fba20b8191f6a88e2e28092fd.jpg,In stock
Anonymous,46.82,Four,http://books.toscrape.com/media/cache/fb/75/fb75a0ce3e0b01fa3852806c6d1f1af6.jpg,In stock
Amy Meets the Saints and Sages,18.46,Three,http://books.toscrape.com/media/cache/00/53/0053efa8515b8e2ad9b029c298766e9f.jpg,In stock
Amid the Chaos,36.58,One,http://books.toscrape.com/media/cache/52/46/524655fade1d9fe1475395a3eaff827a.jpg,In stock
Amatus,50.54,Five,http://books.toscrape.com/media/cache/8f/92/8f92c3b5dc8f5c1a23324bda7477b19c.jpg,In stock
Agnostic: A Spirited Manifesto,12.51,Five,http://books.toscrape.com/media/cache/9f/fc/9ffc43826233092d2acb4414f86627eb.jpg,In stock
Zealot: The Life and Times of Jesus of Nazareth,24.70,Three,http://books.toscrape.com/media/cache/3d/60/3d6003fc37b842a07c2dbe28e47448e1.jpg,In stock
You (You #1),43.61,Five,http://books.toscrape.com/media/cache/d6/97/d697268540fa982f4dce39f61ed3a342.jpg,In stock
"Wonder Woman: Earth One, Volume One (Wonder Woman: Earth One #1)",37.34,Four,http://books.toscrape.com/media/cache/19/39/19396172462f4cc0504d4e6e8b0e1647.jpg,In stock
Wild Swans,14.36,Two,http://books.toscrape.com/media/cache/bb/72/bb723ad463531c602ad8bcb244253bf3.jpg,In stock
Why the Right Went Wrong: Conservatism--From Goldwater to the Tea Party and Beyond,52.65,Four,http://books.toscrape.com/media/cache/db/1b/db1babd3c09b84da800b0e9897fe0097.jpg,In stock
Whole Lotta Creativity Going On: 60 Fun and Unusual Exercises to Awaken and Strengthen Your Creativity,38.20,Four,http://books.toscrape.com/media/cache/ba/36/ba368dfb2b6ae9979ff59d049c626167.jpg,In stock
What's It Like in Space?: Stories from Astronauts Who've Been There,19.60,Two,http://books.toscrape.com/media/cache/43/b7/43b70859e93901b019791cef86539ffc.jpg,In stock
"We Are Robin, Vol. 1: The Vigilante Business (We Are Robin #1)",53.90,One,http://books.toscrape.com/media/cache/66/d6/66d6d2b4c0acfa8f40ad0285186ed2d8.jpg,In stock
Walt Disney's Alice in Wonderland,12.96,Five,http://books.toscrape.com/media/cache/28/50/2850439c2ba103fb69dba9cd2dd9f0c2.jpg,In stock
V for Vendetta (V for Vendetta Complete),37.10,Four,http://books.toscrape.com/media/cache/cc/8f/cc8fb914bfee31a7903a5cabaae64796.jpg,In stock
Until Friday Night (The Field Party #1),46.31,Two,http://books.toscrape.com/media/cache/19/cf/19cf50aea5bf0e8f4bc016f3745b3dfe.jpg,In stock
"Unbroken: A World War II Story of Survival, Resilience, and Redemption",45.95,Two,http://books.toscrape.com/media/cache/74/cd/74cd3f345b50452c3be6631669f13aa8.jpg,In stock
Twenty Yawns,22.08,Two,http://books.toscrape.com/media/cache/2b/38/2b380f77723c797c0389f978afa6db58.jpg,In stock
Through the Woods,25.38,Two,http://books.toscrape.com/media/cache/4c/af/4caf8f2a5ee8828d408cc8faadd3419c.jpg,In stock
This Is Where It Ends,27.12,Two,http://books.toscrape.com/media/cache/18/0b/180bfe1902cb3c0eb77d7c712efa2a96.jpg,In stock
The Year of Magical Thinking,43.04,Two,http://books.toscrape.com/media/cache/bf/e5/bfe526c22c7c08235c27a6474ebb4db9.jpg,In stock
The Wright Brothers,56.80,Four,http://books.toscrape.com/media/cache/02/2e/022e8b81ba1405991401bb46d6330c73.jpg,In stock
The White Queen (The Cousins' War #1),25.91,Five,http://books.toscrape.com/media/cache/72/d8/72d861617b6d3aababe6e61e8d3c1056.jpg,In stock
The Wedding Pact (The O'Malleys #2),32.61,Three,http://books.toscrape.com/media/cache/7e/67/7e67addd80caaf8a9f9e9daa9cf66bb2.jpg,In stock
The Time Keeper,27.88,Five,http://books.toscrape.com/media/cache/8f/f8/8ff8680dde59ea739d6978a01e4d7fe5.jpg,In stock
The Testament of Mary,52.67,Four,http://books.toscrape.com/media/cache/83/05/8305154438c91a02cefacf4ec8b53393.jpg,In stock
The Star-Touched Queen,46.02,Five,http://books.toscrape.com/media/cache/53/5e/535e2be0b423797c2cdc7d98882c820a.jpg,In stock
The Songs of the Gods,44.48,Five,http://books.toscrape.com/media/cache/6c/a3/6ca34db7c01e554ad17bd3be74b561e3.jpg,In stock
The Song of Achilles,37.40,Five,http://books.toscrape.com/media/cache/66/f7/66f79b76d6c6b64fcc8110515c454e09.jpg,In stock
The Rosie Project (Don Tillman #1),54.04,One,http://books.toscrape.com/media/cache/f0/db/f0db1cf76d45f0522d4c8c3c39aa0dd8.jpg,In stock
The Power of Habit: Why We Do What We Do in Life and Business,16.88,Three,http://books.toscrape.com/media/cache/52/df/52dfc44f48cf29e7a9e305bcb63e1899.jpg,In stock
The Marriage of Opposites,28.08,Four,http://books.toscrape.com/media/cache/0f/c2/0fc21ec3489cb23116778ee84f425eca.jpg,In stock
The Lucifer Effect: Understanding How Good People Turn Evil,10.40,One,http://books.toscrape.com/media/cache/a6/c8/a6c8256b123493472591c5855c7de704.jpg,In stock
The Long Haul (Diary of a Wimpy Kid #9),44.07,One,http://books.toscrape.com/media/cache/46/bd/46bdee520b8136972262fd040533772d.jpg,In stock
The Loney,23.40,One,http://books.toscrape.com/media/cache/6d/10/6d10387a0175701d4ff456a0c7eee67b.jpg,In stock
The Literature Book (Big Ideas Simply Explained),17.43,Three,http://books.toscrape.com/media/cache/9e/ea/9eea51ac4a15d18aa976be459da30c47.jpg,In stock
The Last Mile (Amos Decker #2),54.21,Two,http://books.toscrape.com/media/cache/37/f1/37f118b4a56d866e1e8b563759d6966c.jpg,In stock
The Immortal Life of Henrietta Lacks,40.67,Two,http://books.toscrape.com/media/cache/94/ac/94ac87da7b40853013093f08356efa3b.jpg,In stock
The Hidden Oracle (The Trials of Apollo #1),52.26,Two,http://books.toscrape.com/media/cache/b4/67/b467a4f01ca6ae8464b9425a156c7c32.jpg,In stock
The Help Yourself Cookbook for Kids: 60 Easy Plant-Based Recipes Kids Can Make to Stay Healthy and Save the Earth,28.77,Three,http://books.toscrape.com/media/cache/c4/dc/c4dcec6f513eaca3f0f3c748d834c46d.jpg,In stock
The Guilty (Will Robie #4),13.82,Two,http://books.toscrape.com/media/cache/76/de/76deee06ffe45e646c0113af01f4f401.jpg,In stock
The First Hostage (J.B. Collins #2),25.85,Three,http://books.toscrape.com/media/cache/38/34/3834572e651cdc14b18d348fa4875aa9.jpg,In stock
The Dovekeepers,48.78,One,http://books.toscrape.com/media/cache/8f/3f/8f3f4d67e30a8129577ccc4664998345.jpg,In stock
The Darkest Lie,35.35,Five,http://books.toscrape.com/media/cache/1d/3c/1d3c05b772ab846c111970232360d2c5.jpg,In stock
The Bane Chronicles (The Bane Chronicles #1-11),44.73,Four,http://books.toscrape.com/media/cache/9a/33/9a333c4a06ce187c5c9d2f5969ddcac2.jpg,In stock
The Bad-Ass Librarians of Timbuktu: And Their Race to Save the World’s Most Precious Manuscripts,15.77,One,http://books.toscrape.com/media/cache/88/90/8890073a9c9e3bb696f6baa84fb4dd95.jpg,In stock
The 14th Colony (Cotton Malone #11),39.24,One,http://books.toscrape.com/media/cache/d9/1a/d91aae72af6c1cb2c63163acabe7895c.jpg,In stock
That Darkness (Gardiner and Renner #1),13.92,One,http://books.toscrape.com/media/cache/44/9e/449ed681142bc336646abee754e96639.jpg,In stock
Tastes Like Fear (DI Marnie Rome #3),10.69,One,http://books.toscrape.com/media/cache/3c/91/3c91d97266bd6dda322089695fb46daf.jpg,In stock
Take Me with You,45.21,Three,http://books.toscrape.com/media/cache/d8/a4/d8a44eda7cbe7bd1207f868e9adc06f3.jpg,In stock
Swell: A Year of Waves,45.58,One,http://books.toscrape.com/media/cache/10/28/1028b2cf417e49dc1c14609e437a98e0.jpg,In stock
Superman Vol. 1: Before Truth (Superman by Gene Luen Yang #1),11.89,Five,http://books.toscrape.com/media/cache/7e/c0/7ec0e9ca6153a23b2024b7df7407ee84.jpg,In stock
Still Life with Bread Crumbs,26.41,Three,http://books.toscrape.com/media/cache/8e/c7/8ec7f310b74ddd7ec3c859e9b0da7389.jpg,In stock
Steve Jobs,39.50,Five,http://books.toscrape.com/media/cache/86/31/86313c225719ac946894d780c4ff0839.jpg,In stock
Sorting the Beef from the Bull: The Science of Food Fraud Forensics,44.74,Four,http://books.toscrape.com/media/cache/68/ca/68caaf9ac41964d5167a3eb67c638393.jpg,In stock
Someone Like You (The Harrisons #2),52.79,Five,http://books.toscrape.com/media/cache/e3/d0/e3d05227f3fc24f0e0c84ccebe108fb0.jpg,In stock
"So Cute It Hurts!!, Vol. 6 (So Cute It Hurts!! #6)",35.43,Four,http://books.toscrape.com/media/cache/b2/48/b2484d13793ff1c4271a3d4023d4d24e.jpg,In stock
Shtum,55.84,Four,http://books.toscrape.com/media/cache/03/16/0316bb6f4785ac69c0643109201bad5d.jpg,In stock
See America: A Celebration of Our National Parks & Treasured Sites,48.87,Three,http://books.toscrape.com/media/cache/9a/7e/9a7e63f12829df4b43b31d110bf3dc2e.jpg,In stock
salt.,46.78,Four,http://books.toscrape.com/media/cache/3f/41/3f4160ada0b16e3c64cd2d0dffe781c8.jpg,In stock
Robin War,47.82,Three,http://books.toscrape.com/media/cache/45/1d/451d3543022242b8b245793e6b5c26bb.jpg,In stock
"Red Hood/Arsenal, Vol. 1: Open for Business (Red Hood/Arsenal #1)",25.48,Two,http://books.toscrape.com/media/cache/da/78/da78757466c3b0a2c89f0ddf6b5e642f.jpg,In stock
Rain Fish,23.57,Three,http://books.toscrape.com/media/cache/bb/e2/bbe26db72b8a32117bfe4981b7cc8147.jpg,In stock
"Quarter Life Poetry: Poems for the Young, Broke and Hangry",50.89,Five,http://books.toscrape.com/media/cache/c8/f2/c8f297fab080ddd02b3ed5c17b83af85.jpg,In stock
Pet Sematary,10.56,Three,http://books.toscrape.com/media/cache/7a/72/7a72465b21dbf998323e37b31f9a3f4a.jpg,In stock
"Overload: How to Unplug, Unwind, and Unleash Yourself from the Pressure of Stress",52.15,Three,http://books.toscrape.com/media/cache/9c/da/9cda4893c7fce0c1c8eaa34fb092aa04.jpg,In stock
Once Was a Time,18.28,Two,http://books.toscrape.com/media/cache/97/12/971212afa8e4ff49d92f678bc889d8b7.jpg,In stock
Old School (Diary of a Wimpy Kid #10),11.83,Five,http://books.toscrape.com/media/cache/df/5d/df5d172abe87deda6d533e3e908d27d8.jpg,In stock
No Dream Is Too High: Life Lessons From a Man Who Walked on the Moon,21.95,Two,http://books.toscrape.com/media/cache/b5/6f/b56ff04effb66fe701a22abd4a7f1667.jpg,In stock
"Naruto (3-in-1 Edition), Vol. 14: Includes Vols. 40, 41 & 42 (Naruto: Omnibus #14)",38.39,Two,http://books.toscrape.com/media/cache/c8/22/c822360ce0f91c40f7a0491c22287646.jpg,In stock
My Name Is Lucy Barton,41.56,One,http://books.toscrape.com/media/cache/ca/b1/cab150e556b5fab663a9fec00ed97943.jpg,In stock
My Mrs. Brown,24.48,Three,http://books.toscrape.com/media/cache/e0/79/e07906c1e507055da9a2260a74f58273.jpg,In stock
My Kind of Crazy,40.36,One,http://books.toscrape.com/media/cache/46/6e/466e9636819aad1126ac6cefb5313ba8.jpg,In stock
Mr. Mercedes (Bill Hodges Trilogy #1),28.90,One,http://books.toscrape.com/media/cache/a7/f0/a7f092a7b79f848df0226f808fed489b.jpg,In stock
More Than Music (Chasing the Dream #1),37.61,Two,http://books.toscrape.com/media/cache/3f/e7/3fe7073a5caac81929524d2d9488f928.jpg,In stock
Made to Stick: Why Some Ideas Survive and Others Die,38.85,Five,http://books.toscrape.com/media/cache/e2/2e/e22e4a82d97f9f0689d5295a98f5dcff.jpg,In stock
Luis Paints the World,53.95,Three,http://books.toscrape.com/media/cache/85/e7/85e75d5a9309da5807c82decf3d90263.jpg,In stock
Luckiest Girl Alive,49.83,Three,http://books.toscrape.com/media/cache/81/c0/81c0a1ce03db82568e2496db945a8227.jpg,In stock
Lowriders to the Center of the Earth (Lowriders in Space #2),51.51,Two,http://books.toscrape.com/media/cache/b2/97/b2978e96069dd91785e5ab0bc99c022e.jpg,In stock
Love Is a Mix Tape (Music #1),18.03,One,http://books.toscrape.com/media/cache/a2/6d/a26d8449abb3381e09126eda5f4e8151.jpg,In stock
Looking for Lovely: Collecting the Moments that Matter,29.14,Five,http://books.toscrape.com/media/cache/61/1e/611e1804ad968e309a5f788d4ebc1cb4.jpg,In stock
"Living Leadership by Insight: A Good Leader Achieves, a Great Leader Builds Monuments",46.91,Four,http://books.toscrape.com/media/cache/e9/5e/e95e82f09681709bb0f927341dda274e.jpg,In stock
Let It Out: A Journey Through Journaling,26.79,Five,http://books.toscrape.com/media/cache/51/fc/51fcd3e9384894e6a53a753d2ab856ee.jpg,In stock
Lady Midnight (The Dark Artifices #1),16.28,Five,http://books.toscrape.com/media/cache/89/a6/89a61d48e93bc92537c0a2cb2c0094bb.jpg,In stock
"It's All Easy: Healthy, Delicious Weeknight Meals in under 30 Minutes",19.55,One,http://books.toscrape.com/media/cache/fe/67/fe67c381d6a0c4c00a7c191d16939554.jpg,In stock
Island of Dragons (Unwanteds #7),29.65,One,http://books.toscrape.com/media/cache/75/b9/75b99691594fde72ccb1831624cfeff6.jpg,In stock
I Know What I'm Doing -- and Other Lies I Tell Myself: Dispatches from a Life Under Construction,25.98,Four,http://books.toscrape.com/media/cache/ea/7b/ea7bcac4b27a5bf6d4f8125bb7af3361.jpg,In stock
I Am Pilgrim (Pilgrim #1),10.60,Four,http://books.toscrape.com/media/cache/ed/07/ed07c9e7c53d4f33a6eb7d41eb0e6d4a.jpg,In stock
"Hyperbole and a Half: Unfortunate Situations, Flawed Coping Mechanisms, Mayhem, and Other Things That Happened",14.75,Five,http://books.toscrape.com/media/cache/b5/a9/b5a90d1c36a96513942f006345ace3d2.jpg,In stock
"Hush, Hush (Hush, Hush #1)",47.02,Three,http://books.toscrape.com/media/cache/2a/b9/2ab91479fe480e964f319fa8ac6991b2.jpg,In stock
Hold Your Breath (Search and Rescue #1),28.82,One,http://books.toscrape.com/media/cache/0b/89/0b89c3b317d0f89da48356a0b5959c1e.jpg,In stock
Hamilton: The Revolution,58.79,Three,http://books.toscrape.com/media/cache/34/ef/34ef0844cb1fbca6ab73444087fcf0e6.jpg,In stock
Greek Mythic History,10.23,Five,http://books.toscrape.com/media/cache/36/cf/36cf56c7bdf35aadbcc6f05a8e8d8fcb.jpg,In stock
God: The Most Unpleasant Character in All Fiction,30.03,Five,http://books.toscrape.com/media/cache/1f/db/1fdb125bcb8cee71f3404b4dc293348c.jpg,In stock
Glory over Everything: Beyond The Kitchen House,45.84,Three,http://books.toscrape.com/media/cache/96/41/964194a317f8ce5ed031bf4c9ceb43ab.jpg,In stock
Feathers: Displays of Brilliant Plumage,49.05,Three,http://books.toscrape.com/media/cache/f2/ee/f2ee668cf593ff13a9560c2801e9c2a2.jpg,In stock
"Far & Away: Places on the Brink of Change: Seven Continents, Twenty-Five Years",15.06,Four,http://books.toscrape.com/media/cache/11/e2/11e227bdb5fe8b43dcc2366a157a47c2.jpg,In stock
Every Last Word,46.47,Three,http://books.toscrape.com/media/cache/92/e7/92e7f0a8ca38964fea93e911aefbf6c9.jpg,In stock
Eligible (The Austen Project #4),27.09,Three,http://books.toscrape.com/media/cache/26/3b/263bf5d128bf18553ea8da8bb19e9a0c.jpg,In stock
El Deafo,57.62,Five,http://books.toscrape.com/media/cache/34/eb/34eb0f1b570d4f1f6ad106652f1ac6ff.jpg,In stock
Eight Hundred Grapes,14.39,Four,http://books.toscrape.com/media/cache/8c/01/8c011092f05791961d25ec3cfcf0a832.jpg,In stock
"Eaternity: More than 150 Deliciously Easy Vegan Recipes for a Long, Healthy, Satisfied, Joyful Life",51.75,Five,http://books.toscrape.com/media/cache/b1/e1/b1e15eef42c0d71596f9f9ad4e9f48b0.jpg,In stock
"Eat Fat, Get Thin",54.07,Two,http://books.toscrape.com/media/cache/62/3f/623f8e7f7432ce744f4318aae8166ce4.jpg,In stock
Don't Get Caught,55.35,One,http://books.toscrape.com/media/cache/b2/df/b2df2ea409c5cf28538b67aff424b11f.jpg,In stock
Doctor Sleep (The Shining #2),40.12,Two,http://books.toscrape.com/media/cache/55/bf/55bfc858c1cb19867e41415532ae43c6.jpg,In stock
Demigods & Magicians: Percy and Annabeth Meet the Kanes (Percy Jackson & Kane Chronicles Crossover #1-3),37.51,Five,http://books.toscrape.com/media/cache/8f/80/8f8074d9f035c2a0ef8595ad89f7bcc8.jpg,In stock
Dear Mr. Knightley,11.21,Five,http://books.toscrape.com/media/cache/78/87/78873811f8c1d75a0c26d8cc8e6a9dbc.jpg,In stock
Daily Fantasy Sports,36.58,One,http://books.toscrape.com/media/cache/44/ff/44ff81a2ea37d3946605e205ddd538eb.jpg,In stock
Crazy Love: Overwhelmed by a Relentless God,47.72,Two,http://books.toscrape.com/media/cache/03/f1/03f1e337afadba35687672b5625a9757.jpg,In stock
Cometh the Hour (The Clifton Chronicles #6),25.01,Three,http://books.toscrape.com/media/cache/55/11/5511a4296fbd484dcaa89c8a2d25965d.jpg,In stock
Code Name Verity (Code Name Verity #1),22.13,Four,http://books.toscrape.com/media/cache/f5/58/f55886d1bf600529a35e1bd932c78ca0.jpg,In stock
Clockwork Angel (The Infernal Devices #1),44.14,One,http://books.toscrape.com/media/cache/ff/0e/ff0ee0002f510112b6d7a88f53366e1d.jpg,In stock
City of Glass (The Mortal Instruments #3),56.02,Four,http://books.toscrape.com/media/cache/00/08/0008e65aa431ed3625ad3a4352f8e90d.jpg,In stock
City of Fallen Angels (The Mortal Instruments #4),11.23,Four,http://books.toscrape.com/media/cache/c9/40/c940b6c329ecc39aaed2ab0140592a4b.jpg,In stock
City of Bones (The Mortal Instruments #1),43.28,One,http://books.toscrape.com/media/cache/96/af/96af4aaf25ab49b057c10b5b7eb7652c.jpg,In stock
City of Ashes (The Mortal Instruments #2),47.27,One,http://books.toscrape.com/media/cache/68/da/68dab382d535305ca6025be9921df0d1.jpg,In stock
Cell,20.29,Four,http://books.toscrape.com/media/cache/0b/97/0b97282ed82b771ed328e05386a84adb.jpg,In stock
Catching Jordan (Hundred Oaks),50.83,Three,http://books.toscrape.com/media/cache/ad/ac/adac97366586d261feab30bf5220756e.jpg,In stock
"Carry On, Warrior: Thoughts on Life Unarmed",31.85,Three,http://books.toscrape.com/media/cache/dd/f5/ddf5da673bb34a74a81faf7271c7ca13.jpg,In stock
Carrie,46.23,Two,http://books.toscrape.com/media/cache/c5/6f/c56f37eb53888765eb55f86fb7381c2f.jpg,In stock
Buying In: The Secret Dialogue Between What We Buy and Who We Are,37.80,Four,http://books.toscrape.com/media/cache/f2/fa/f2faa289117546efa0b4068a07778ab0.jpg,In stock
Brain on Fire: My Month of Madness,49.32,Five,http://books.toscrape.com/media/cache/88/aa/88aad1204951e0900906173b086e6695.jpg,In stock
Batman: Europa,32.01,Two,http://books.toscrape.com/media/cache/f1/fe/f1fecf0ce9b5771e4d2c9619e8550988.jpg,In stock
Barefoot Contessa Back to Basics,28.01,One,http://books.toscrape.com/media/cache/b8/38/b838b65e0e1ac3a9b498dfb1bf004420.jpg,In stock
Barefoot Contessa at Home: Everyday Recipes You'll Make Over and Over Again,50.62,Five,http://books.toscrape.com/media/cache/74/aa/74aa29b1ba4147eaf5b46671bf235861.jpg,In stock
Balloon Animals,17.03,Three,http://books.toscrape.com/media/cache/6e/23/6e2324cae6335e8e98c8b46597afc9a3.jpg,In stock
Art Ops Vol. 1,48.80,Three,http://books.toscrape.com/media/cache/0b/b4/0bb4c64f1522c033368df5567a349472.jpg,In stock
Aristotle and Dante Discover the Secrets of the Universe (Aristotle and Dante Discover the Secrets of the Universe #1),58.14,Four,http://books.toscrape.com/media/cache/61/1a/611aba0ef5b859ba1977ef30677b0194.jpg,In stock
Angels Walking (Angels Walking #1),34.20,Two,http://books.toscrape.com/media/cache/50/0e/500eeb810e940424827580574e46852c.jpg,In stock
Angels & Demons (Robert Langdon #1),51.48,Three,http://books.toscrape.com/media/cache/b4/2a/b42a187c37de904f776070c57f51c756.jpg,In stock
All the Light We Cannot See,29.87,Five,http://books.toscrape.com/media/cache/41/c3/41c37f7f0e03ee1144dd6fa89483b5d9.jpg,In stock
"Adulthood Is a Myth: A ""Sarah's Scribbles"" Collection",10.90,Two,http://books.toscrape.com/media/cache/a2/b9/a2b974e5a66e7502c77d2e4632abe033.jpg,In stock
Abstract City,56.37,Five,http://books.toscrape.com/media/cache/e7/70/e77019ebd71bcf6badb085bddf47c413.jpg,In stock
A Time of Torment (Charlie Parker #14),48.35,Five,http://books.toscrape.com/media/cache/e8/c0/e8c0ba15066bab950ae161fd60949b9a.jpg,In stock
A Study in Scarlet (Sherlock Holmes #1),16.73,Two,http://books.toscrape.com/media/cache/8f/a4/8fa41d6caa10e427356b8a590eb4d96b.jpg,In stock
"A Series of Catastrophes and Miracles: A True Story of Love, Science, and Cancer",56.48,Two,http://books.toscrape.com/media/cache/9b/20/9b2076ce7414103a093ce2459d089969.jpg,In stock
A People's History of the United States,40.79,Two,http://books.toscrape.com/media/cache/75/20/75200336c141156746000f7055df344a.jpg,In stock
A Man Called Ove,39.72,One,http://books.toscrape.com/media/cache/9c/f1/9cf1f4a47b8d08909fc092e6ae598d83.jpg,In stock
A Distant Mirror: The Calamitous 14th Century,14.58,Three,http://books.toscrape.com/media/cache/41/d5/41d5fa6a81cdbcbe6b0b15757a4c9144.jpg,In stock
A Brush of Wings (Angels Walking #3),55.51,One,http://books.toscrape.com/media/cache/4d/16/4d163d43cb4aa624e599330a39abace5.jpg,In stock
1491: New Revelations of the Americas Before Columbus,21.80,Three,http://books.toscrape.com/media/cache/88/75/8875f384ce9103281b7f6e86a2b8204d.jpg,In stock
"The Three Searches, Meaning, and the Story",13.33,Three,http://books.toscrape.com/media/cache/83/35/8335b71599b5a257a56cfabdd79080a4.jpg,In stock
Searching for Meaning in Gailana,38.73,One,http://books.toscrape.com/media/cache/3b/04/3b045fe0394dc192950a0ec9e3812fe4.jpg,In stock
Rook,37.86,Four,http://books.toscrape.com/media/cache/55/33/5533595a623c3bb947c4a5171fc2df08.jpg,In stock
My Kitchen Year: 136 Recipes That Saved My Life,11.53,Two,http://books.toscrape.com/media/cache/76/a1/76a1516c8d9c3e620626f30840013a85.jpg,In stock
13 Hours: The Inside Account of What Really Happened In Benghazi,27.06,One,http://books.toscrape.com/media/cache/15/f7/15f78e0b04feb9b94e88865803cb5e9e.jpg,In stock
Will You Won't You Want Me?,13.86,Three,http://books.toscrape.com/media/cache/16/e3/16e3ca741956485119251e7442a67e2e.jpg,In stock
Tipping Point for Planet Earth: How Close Are We to the Edge?,37.55,One,http://books.toscrape.com/media/cache/56/97/5697f2f8f628129df01c5790985ffd9b.jpg,In stock
The Star-Touched Queen,32.30,Five,http://books.toscrape.com/media/cache/d3/0d/d30dd8b6be6f9fcfd17178e8083238b6.jpg,In stock
The Silent Sister (Riley MacPherson #1),46.29,Five,http://books.toscrape.com/media/cache/30/2c/302cd9c84442e139145ec0993880d7e0.jpg,In stock
The Midnight Watch: A Novel of the Titanic and the Californian,26.20,One,http://books.toscrape.com/media/cache/97/3a/973a2c3462a18fc90d3b9662d959df37.jpg,In stock
The Lonely City: Adventures in the Art of Being Alone,33.26,Two,http://books.toscrape.com/media/cache/5c/5e/5c5e527fea6b17199773bb175b515aee.jpg,In stock
The Gray Rhino: How to Recognize and Act on the Obvious Dangers We Ignore,59.15,Four,http://books.toscrape.com/media/cache/9f/25/9f255826f354776dda9afbd5576a7add.jpg,In stock
The Golden Condom: And Other Essays on Love Lost and Found,39.43,One,http://books.toscrape.com/media/cache/dc/4d/dc4d070e33813a07a4e02f069e6d482f.jpg,In stock
The Epidemic (The Program 0.6),14.44,Five,http://books.toscrape.com/media/cache/87/cd/87cd652c35e2a78535c83becae33cff2.jpg,In stock
The Dinner Party,56.54,Two,http://books.toscrape.com/media/cache/ba/76/ba761d23c5c0e5a0638e04739c69c5d0.jpg,In stock
The Diary of a Young Girl,59.90,Three,http://books.toscrape.com/media/cache/83/d5/83d5526864a108d27fd4b03dd31ec18b.jpg,In stock
The Children,11.88,Three,http://books.toscrape.com/media/cache/d8/03/d803ab341d3020a3bb280d6135e4ae65.jpg,In stock
Stars Above (The Lunar Chronicles #4.5),48.05,Two,http://books.toscrape.com/media/cache/fd/5b/fd5b14399052ab552e240ed18ab03c6d.jpg,In stock
Snatched: How A Drug Queen Went Undercover for the DEA and Was Kidnapped By Colombian Guerillas,21.21,Three,http://books.toscrape.com/media/cache/2a/f3/2af39796852729270fb23e05a662a42c.jpg,In stock
Raspberry Pi Electronics Projects for the Evil Genius,49.67,Four,http://books.toscrape.com/media/cache/a2/da/a2da8957b9cb8265d7f1dfeb0651f1c7.jpg,In stock
Quench Your Own Thirst: Business Lessons Learned Over a Beer or Two,43.14,One,http://books.toscrape.com/media/cache/2d/fd/2dfdc52bcdbd82dee50372bc46c83e15.jpg,In stock
Psycho: Sanitarium (Psycho #1.5),36.97,Five,http://books.toscrape.com/media/cache/02/5c/025c30a378e2a4190e84f1429e81b803.jpg,In stock
Poisonous (Max Revere Novels #3),26.80,Three,http://books.toscrape.com/media/cache/23/52/2352718971d5e166fa9541a5a7d716fa.jpg,In stock
One with You (Crossfire #5),15.71,Four,http://books.toscrape.com/media/cache/b8/29/b829181ae95c8f020c1ad3273192de30.jpg,In stock
No Love Allowed (Dodge Cove #1),54.65,Four,http://books.toscrape.com/media/cache/70/3e/703e053877204a396ec6e7beac863118.jpg,In stock
Murder at the 42nd Street Library (Raymond Ambler #1),54.36,Four,http://books.toscrape.com/media/cache/c3/8d/c38d65cd155b67ca025f0655bd1bb095.jpg,In stock
Most Wanted,35.28,Three,http://books.toscrape.com/media/cache/8b/bc/8bbc5ab4c3784b4d9b93eb0fd1fb6fd6.jpg,In stock
"Love, Lies and Spies",20.55,Two,http://books.toscrape.com/media/cache/7a/22/7a224a6e174af91950e9b124afe54e0e.jpg,In stock
How to Speak Golf: An Illustrated Guide to Links Lingo,58.32,Five,http://books.toscrape.com/media/cache/d2/64/d264ad1af882ce391005dc7215ac90e7.jpg,In stock
Hide Away (Eve Duncan #20),11.84,One,http://books.toscrape.com/media/cache/57/07/5707c3d5d4fd44d943d51730ba7d429a.jpg,In stock
Furiously Happy: A Funny Book About Horrible Things,41.46,Four,http://books.toscrape.com/media/cache/ab/2a/ab2ae4f02aa46271b4bfc77494039fc6.jpg,In stock
Everyday Italian: 125 Simple and Delicious Recipes,20.10,Five,http://books.toscrape.com/media/cache/5a/64/5a6499d41ccaad4c4f7eeaa90e16345a.jpg,In stock
Equal Is Unfair: America's Misguided Fight Against Income Inequality,56.86,One,http://books.toscrape.com/media/cache/00/11/001153d2a22d889837efac1703e10a5e.jpg,In stock
Eleanor & Park,56.51,Five,http://books.toscrape.com/media/cache/ed/d7/edd781d3c9d63a395f80f241445e88fa.jpg,In stock
Dirty (Dive Bar #1),40.83,Four,http://books.toscrape.com/media/cache/ae/90/ae903f6f6d059954be4e85497dd76bf5.jpg,In stock
Can You Keep a Secret? (Fear Street Relaunch #4),48.64,One,http://books.toscrape.com/media/cache/0b/2f/0b2f432cc27132f688fcdf29618521e0.jpg,In stock
Boar Island (Anna Pigeon #19),59.48,Three,http://books.toscrape.com/media/cache/d5/81/d58157866ea8f015a8e4c55b23b8c96f.jpg,In stock
A Paris Apartment,39.01,Four,http://books.toscrape.com/media/cache/16/57/16575316618bd7e922d5b0e0f87de2ca.jpg,In stock
"A la Mode: 120 Recipes in 60 Pairings: Pies, Tarts, Cakes, Crisps, and More Topped with Ice Cream, Gelato, Frozen Custard, and More",38.77,One,http://books.toscrape.com/media/cache/98/19/9819ff3a8290dc6ab8797d00de5ec554.jpg,In stock
Troublemaker: Surviving Hollywood and Scientology,48.39,Two,http://books.toscrape.com/media/cache/77/82/778285b3c87d6d5d98003aa0f2f65933.jpg,In stock
The Widow,27.26,Two,http://books.toscrape.com/media/cache/fd/71/fd71fb07247bf911505a351c0670c6dc.jpg,In stock
"The Sleep Revolution: Transforming Your Life, One Night at a Time",11.68,Four,http://books.toscrape.com/media/cache/3d/c5/3dc5455313710cf7055c060114e25bf0.jpg,In stock
The Improbability of Love,59.45,One,http://books.toscrape.com/media/cache/06/49/06493269f6893cfd24b650f66df51882.jpg,In stock
The Art of Startup Fundraising,21.00,Three,http://books.toscrape.com/media/cache/b3/7b/b37be83183f1dcb759d92bda8f8998a4.jpg,In stock
Take Me Home Tonight (Rock Star Romance #3),53.98,Three,http://books.toscrape.com/media/cache/a6/4b/a64b3c559f59748bfdbbe75be3e16075.jpg,In stock
Sleeping Giants (Themis Files #1),48.74,One,http://books.toscrape.com/media/cache/c0/72/c072c1ef144d571abd25fe9cc18cceba.jpg,In stock
"Setting the World on Fire: The Brief, Astonishing Life of St. Catherine of Siena",21.15,Two,http://books.toscrape.com/media/cache/8b/c4/8bc43a6b42d0283ab4bf611f1b497126.jpg,In stock
Playing with Fire,13.71,Three,http://books.toscrape.com/media/cache/90/0b/900bd2e60d56b6480a4e8eb2dddb46d6.jpg,In stock
Off the Hook (Fishing for Trouble #1),47.67,Three,http://books.toscrape.com/media/cache/1d/78/1d78fe226e1adb9cb591fa21f8a9bf68.jpg,In stock
